userId,email
1,jonathan65@example.net
2,sharonjackson@example.org
3,nancy36@example.org
4,travis87@example.net
5,yjones@example.net
6,olsondouglas@example.org
7,jerry42@example.net
8,harrisshari@example.org
9,williamskayla@example.net
10,qmontes@example.net
11,linda04@example.net
12,hunterryan@example.net
13,debbie20@example.org
14,glovermichael@example.net
15,hjones@example.com
16,nicholas99@example.net
17,sarahbrown@example.org
18,qanderson@example.org
19,martinjennifer@example.org
20,gary52@example.com
21,martinezmelanie@example.com
22,rhodessteven@example.net
23,malexander@example.com
24,alishahughes@example.net
25,eswanson@example.net
26,douglasjones@example.org
27,yandersen@example.net
28,johnsonrobin@example.net
29,xford@example.org
30,ldavenport@example.com
31,vcruz@example.org
32,carloswilson@example.com
33,uwhite@example.net
34,pinedapatrick@example.org
35,sarahsantana@example.net
36,dawngarcia@example.net
37,jsolomon@example.org
38,garrisondaniel@example.org
39,sara04@example.net
40,sdavis@example.net
41,tomhogan@example.net
42,dperez@example.org
43,thompsondonna@example.org
44,lisa85@example.net
45,qsims@example.net
46,alejandro17@example.com
47,katie12@example.net
48,timothyparks@example.net
49,kelleymonique@example.org
50,owensjames@example.net
51,donnawhite@example.net
52,pchavez@example.com
53,renee15@example.com
54,qorozco@example.org
55,michelle89@example.net
56,gonzalezbrandy@example.net
57,ericsullivan@example.com
58,reeddesiree@example.net
59,mary26@example.org
60,ksmith@example.net
61,stephen25@example.net
62,dominique30@example.org
63,jeffrey82@example.org
64,ashley80@example.org
65,gdunlap@example.org
66,felicia68@example.org
67,samuelwhitehead@example.net
68,samueltucker@example.org
69,brownjulie@example.org
70,michael30@example.net
71,jacobwilliams@example.net
72,elizabethcooper@example.net
73,mackisabella@example.net
74,rgray@example.net
75,wpowell@example.net
76,allenjesse@example.org
77,terribarron@example.com
78,lesliemclaughlin@example.org
79,kathleenwagner@example.org
80,christina81@example.org
81,schneiderwhitney@example.com
82,danielwilson@example.com
83,george07@example.org
84,mfox@example.net
85,adamfowler@example.com
86,nicholas79@example.net
87,carlyjones@example.org
88,marshalljeremy@example.net
89,vduncan@example.net
90,zmoore@example.net
91,sextonjessica@example.org
92,alexisvasquez@example.net
93,joseph48@example.org
94,robertmcdowell@example.com
95,laurasalazar@example.org
96,clarkchad@example.org
97,myersevan@example.net
98,westchristina@example.net
99,wilsonwhitney@example.com
100,donna53@example.com
101,dlee@example.net
102,jsawyer@example.com
103,donnawhite@example.com
104,mariecarr@example.net
105,elizabeth86@example.net
106,stevengrant@example.com
107,dunnjoshua@example.com
108,markpearson@example.org
109,vanessa82@example.net
110,michaelwilkinson@example.com
111,heathersanchez@example.org
112,vrollins@example.net
113,sharonedwards@example.net
114,scott89@example.com
115,annacherry@example.net
116,dukeashley@example.com
117,abigailgillespie@example.net
118,shannon95@example.com
119,mccanncharles@example.org
120,uyoung@example.net
121,hardycameron@example.net
122,lesliebennett@example.com
123,dcompton@example.com
124,melissa24@example.net
125,gjenkins@example.com
126,bakertroy@example.net
127,mark71@example.net
128,davisnicole@example.com
129,gstafford@example.org
130,jonburch@example.net
131,ryan82@example.org
132,nataliebender@example.org
133,jonathansmall@example.net
134,thomasdonald@example.net
135,ryanrasmussen@example.net
136,lmartinez@example.net
137,donaldbush@example.com
138,wilkinsrebecca@example.net
139,kriggs@example.net
140,mckaymarilyn@example.org
141,brooksjim@example.net
142,crystaljimenez@example.net
143,smithtiffany@example.org
144,ufowler@example.org
145,cisnerosmary@example.com
146,brittany23@example.org
147,youngandrew@example.org
148,taylorkelly@example.org
149,millercarla@example.com
150,diana20@example.net
151,nicole56@example.net
152,nmartin@example.com
153,wilsonlawrence@example.net
154,julie16@example.net
155,todd98@example.org
156,derrick73@example.net
157,clee@example.net
158,thomasmichael@example.org
159,kim98@example.net
160,hlewis@example.net
161,john38@example.org
162,greershannon@example.net
163,lhoward@example.com
164,josephwashington@example.org
165,nmartinez@example.com
166,caroline91@example.com
167,john33@example.net
168,carrollkimberly@example.net
169,angelahicks@example.com
170,rogersanthony@example.net
171,garciajacob@example.net
172,phood@example.net
173,stephaniejohnson@example.net
174,kathrynkhan@example.net
175,tonya88@example.net
176,kylenguyen@example.org
177,george57@example.com
178,desiree57@example.com
179,rolsen@example.org
180,kochwilliam@example.com
181,bentonwilliam@example.com
182,ryan41@example.net
183,collinsmark@example.net
184,brightkenneth@example.org
185,ashleymolina@example.net
186,jennifercochran@example.net
187,robert44@example.org
188,markwilliams@example.com
189,brandychung@example.net
190,cgreer@example.com
191,dsmith@example.com
192,allentyler@example.org
193,campbellstephanie@example.com
194,adrianflores@example.net
195,edwardschroeder@example.net
196,chelsearose@example.com
197,williamsonaaron@example.org
198,omacias@example.net
199,jrichards@example.org
200,ismith@example.com
201,paulwilcox@example.com
202,jessica76@example.com
203,victoria61@example.com
204,xschroeder@example.net
205,matthewmoore@example.net
206,stephanie53@example.net
207,myersalexis@example.net
208,whall@example.net
209,jeremymartinez@example.com
210,gregorylewis@example.com
211,wandaparker@example.org
212,lopezdeborah@example.com
213,ericmartinez@example.org
214,colevelasquez@example.net
215,delgadokimberly@example.net
216,steven87@example.com
217,bowenjennifer@example.org
218,uanderson@example.com
219,andersoncheryl@example.org
220,zjackson@example.com
221,johnsonandres@example.org
222,williskaitlyn@example.net
223,shelly54@example.com
224,marcushicks@example.com
225,christinazavala@example.org
226,erikajennings@example.org
227,mhansen@example.com
228,jacob99@example.com
229,bensonsharon@example.com
230,maysstephanie@example.net
231,jordanleon@example.org
232,thoward@example.net
233,bthompson@example.org
234,michael00@example.net
235,gregory69@example.com
236,chadmiller@example.com
237,justinjones@example.com
238,taylormartin@example.org
239,jacksonjason@example.com
240,brandyhurst@example.net
241,tyler74@example.net
242,susan26@example.net
243,zhenderson@example.net
244,rodriguezgregory@example.net
245,daniel77@example.com
246,donaldwheeler@example.org
247,daltonisaac@example.org
248,mcdonaldgary@example.com
249,santosangela@example.com
250,ishepard@example.org
251,kellyphillips@example.org
252,iortiz@example.com
253,brittany64@example.net
254,james42@example.com
255,williamharris@example.net
256,pmahoney@example.org
257,andrea27@example.org
258,adkinsmichael@example.com
259,kelseyterry@example.net
260,stephanie96@example.org
261,wattsdave@example.org
262,rogerslogan@example.org
263,kdavis@example.net
264,hlyons@example.org
265,aaron00@example.net
266,harriskaren@example.com
267,rmarsh@example.net
268,karenramos@example.com
269,matthewwall@example.org
270,benjaminelliott@example.com
271,elizabethbuchanan@example.net
272,carlos24@example.net
273,lisa75@example.com
274,janet71@example.org
275,sweeneymelissa@example.org
276,victoriabrewer@example.org
277,alexander37@example.org
278,eddie15@example.net
279,kevin92@example.com
280,christopherphillips@example.org
281,ibaker@example.net
282,alanperez@example.com
283,oyoung@example.net
284,nmckinney@example.com
285,dominguezerin@example.org
286,otran@example.org
287,michelleevans@example.com
288,astewart@example.org
289,jeremiahholden@example.com
290,arthur65@example.com
291,bakerpaul@example.org
292,stephanie67@example.org
293,ycampos@example.com
294,sarah02@example.net
295,veganathan@example.net
296,wedwards@example.com
297,burkeadam@example.com
298,craigmonica@example.org
299,bshea@example.com
300,jackie96@example.org
301,linda81@example.org
302,xthomas@example.com
303,kturner@example.org
304,aaron93@example.com
305,briannajohnson@example.net
306,fbullock@example.org
307,sanchezsarah@example.org
308,josephharris@example.org
309,chadcarrillo@example.net
310,theresawells@example.org
311,laurameyers@example.net
312,mbecker@example.net
313,cooleyrichard@example.org
314,ashley70@example.net
315,robert24@example.com
316,kennethballard@example.org
317,lgonzalez@example.com
318,mitchellmanning@example.org
319,wrightrachel@example.net
320,owensbrenda@example.org
321,dickersonjoseph@example.org
322,mhernandez@example.org
323,yroberts@example.org
324,brandonbarnes@example.org
325,steven53@example.net
326,jerry63@example.net
327,gbenson@example.org
328,qbrown@example.org
329,fernando36@example.net
330,amy20@example.com
331,jrobinson@example.net
332,sarahshepherd@example.net
333,vasquezheather@example.org
334,hhall@example.com
335,osbornejanice@example.org
336,stacy26@example.net
337,longelizabeth@example.com
338,lopezpeter@example.net
339,clifford09@example.org
340,luis40@example.com
341,tinapayne@example.org
342,gromero@example.org
343,suzannemichael@example.net
344,michele01@example.org
345,downsgabriel@example.org
346,jamie32@example.com
347,rmorales@example.com
348,michaelbryant@example.org
349,rodney42@example.org
350,sjones@example.net
351,natalieshields@example.com
352,howellnatalie@example.org
353,joannewheeler@example.org
354,xwright@example.org
355,melissa48@example.com
356,donaldrodriguez@example.org
357,dillonrebecca@example.org
358,reynoldsbailey@example.net
359,jason24@example.net
360,bill60@example.com
361,nancy37@example.com
362,fergusonmary@example.com
363,amy25@example.com
364,chelsea94@example.com
365,justin71@example.net
366,tyler90@example.net
367,colemark@example.org
368,juanrhodes@example.com
369,laurensmith@example.org
370,mccallphillip@example.org
371,jennifervincent@example.org
372,ehunt@example.org
373,griffineric@example.org
374,bradburnett@example.net
375,moorescott@example.net
376,karenlopez@example.com
377,amymoore@example.com
378,vharris@example.com
379,stephen31@example.org
380,zmartin@example.net
381,chadyoung@example.org
382,whiterachel@example.org
383,bonnie16@example.com
384,haleyferguson@example.org
385,haleteresa@example.org
386,alisha03@example.com
387,courtney61@example.net
388,zstone@example.com
389,colin40@example.net
390,kweiss@example.com
391,lindsey07@example.net
392,ortizdavid@example.org
393,jonathanbass@example.org
394,kperez@example.net
395,cohenaustin@example.org
396,jenkinsdonald@example.com
397,brian92@example.net
398,adamanderson@example.org
399,kaitlynschultz@example.com
400,qkoch@example.net
401,gina93@example.net
402,kimberly41@example.com
403,shannon33@example.org
404,donald40@example.net
405,billycarey@example.com
406,evanstara@example.org
407,mitchell84@example.net
408,berryjennifer@example.org
409,erinhoward@example.net
410,gregorysawyer@example.org
411,jamie67@example.net
412,annette95@example.org
413,millersara@example.com
414,woodalan@example.net
415,acastillo@example.net
416,john36@example.com
417,pstewart@example.org
418,krista41@example.org
419,kimbarbara@example.net
420,carolynandersen@example.net
421,luisaguilar@example.com
422,hcook@example.net
423,rwatson@example.org
424,angela88@example.com
425,melodynelson@example.net
426,dunlapchristopher@example.com
427,davidwallace@example.com
428,jason00@example.org
429,gonzalesjustin@example.org
430,lopeztyler@example.org
431,julie51@example.org
432,kellykristie@example.com
433,lmurray@example.net
434,davidsonshane@example.org
435,thomas82@example.com
436,wernerdaniel@example.com
437,khardin@example.net
438,danielleeaton@example.org
439,kathryn54@example.com
440,ashlee40@example.org
441,anthonywright@example.net
442,donaldharding@example.net
443,james99@example.net
444,wespinoza@example.net
445,tammy95@example.com
446,vdelgado@example.com
447,xhaas@example.org
448,jefferygreen@example.com
449,mlozano@example.net
450,brittany31@example.com
451,alanclark@example.net
452,sanderson@example.org
453,scott45@example.org
454,aimee08@example.net
455,ashleythomas@example.net
456,gstrickland@example.com
457,munozfrancis@example.com
458,jasminenguyen@example.com
459,ian75@example.com
460,brewertammy@example.com
461,rodriguezpatrick@example.net
462,ebentley@example.net
463,breanna97@example.org
464,rodgersjames@example.org
465,alejandrojones@example.org
466,samantha55@example.net
467,heatherbean@example.org
468,tranjeremy@example.com
469,melissahammond@example.net
470,shannonhart@example.net
471,kelleytracey@example.net
472,donnamiller@example.net
473,lisa68@example.net
474,asmith@example.org
475,fgarrison@example.net
476,pbush@example.com
477,zyates@example.com
478,whaynes@example.net
479,kristen51@example.com
480,stephenjones@example.org
481,linicole@example.org
482,lori66@example.org
483,uhernandez@example.net
484,davidfernandez@example.com
485,zlawson@example.org
486,holmesdawn@example.com
487,joshua72@example.net
488,rebeccaalexander@example.net
489,washingtonjeffrey@example.net
490,andrew47@example.net
491,jeff25@example.net
492,justinwise@example.org
493,pattoncassandra@example.org
494,xjones@example.org
495,eric45@example.com
496,higginsdaniel@example.net
497,rmcpherson@example.org
498,james16@example.com
499,wbrown@example.org
500,joelkeller@example.org
501,halljohn@example.net
502,ngarcia@example.com
503,john85@example.net
504,april31@example.org
505,cooleytracey@example.org
506,gerickson@example.com
507,rivasjohn@example.com
508,zgamble@example.net
509,thompsonkyle@example.com
510,darlenerosales@example.com
511,antonio97@example.com
512,clarkchase@example.org
513,oliviaglenn@example.com
514,craigjennifer@example.com
515,sarahpeterson@example.com
516,vholland@example.com
517,ofisher@example.org
518,paultate@example.com
519,ericjohnston@example.net
520,aaron68@example.org
521,cunninghamjeremy@example.com
522,qtorres@example.com
523,daniellewalker@example.org
524,shawn36@example.com
525,codytaylor@example.com
526,nicolebrown@example.com
527,lorrainethomas@example.net
528,chelseachaney@example.net
529,mmeyer@example.net
530,payneamanda@example.net
531,morsejennifer@example.com
532,richardbaker@example.com
533,kimberly05@example.com
534,dickersonjoseph@example.com
535,melissajohnson@example.net
536,philiprichardson@example.net
537,jandrews@example.org
538,mcgrathjonathan@example.org
539,melliott@example.org
540,colesteven@example.com
541,fisheremily@example.org
542,alvaradomichelle@example.com
543,cookhoward@example.com
544,castillobrian@example.com
545,fstewart@example.org
546,ashley02@example.net
547,carterbrandon@example.org
548,john78@example.com
549,walljudith@example.net
550,ddaniels@example.org
551,william10@example.org
552,weeksjessica@example.org
553,vanessa76@example.com
554,xwhite@example.com
555,brenda45@example.com
556,andreavelasquez@example.org
557,zfisher@example.net
558,eoliver@example.org
559,jonathansmith@example.com
560,xwilson@example.com
561,patrick73@example.net
562,paul60@example.net
563,mmcdowell@example.org
564,christophermanning@example.com
565,huntchristy@example.org
566,mnguyen@example.net
567,mario83@example.org
568,imeza@example.net
569,nicholas00@example.org
570,sheilaknight@example.com
571,kellymarquez@example.org
572,melissa03@example.org
573,pedro17@example.com
574,kristenschmitt@example.net
575,brandon84@example.com
576,kaitlinbennett@example.com
577,pthompson@example.com
578,gmacdonald@example.org
579,kathleenrodriguez@example.org
580,wilkinsonmary@example.net
581,hjones@example.net
582,aknight@example.org
583,kyle25@example.com
584,william95@example.org
585,jodi71@example.net
586,hgalloway@example.net
587,amberconway@example.net
588,ssanchez@example.org
589,patrick18@example.net
590,david30@example.net
591,robertschristina@example.com
592,robert62@example.org
593,vlewis@example.org
594,fjones@example.net
595,wilsondaniel@example.org
596,matthew92@example.com
597,amanda47@example.org
598,susan25@example.org
599,owilson@example.com
600,danielclark@example.com
601,mharris@example.org
602,hammondrita@example.org
603,uroberts@example.org
604,fgordon@example.com
605,anthony38@example.com
606,brettwilliams@example.com
607,sarahroman@example.org
608,sstewart@example.com
609,lisadiaz@example.com
610,michaelgarcia@example.org
